token_address,chain,missing_from,missing_to,missing_hour_count
14r8dWfzmUUBpw59w5swNRb5F1YWqmUnSPgD6djUs1Jj,sol,2025-12-01T00:00:00+00:00,2026-07-12T14:00:00+00:00,5367
25Vu6457o2gdZRGVVt5K8NbAvaP3esYaQNHbNDitVtw1,sol,2025-12-01T00:00:00+00:00,2026-07-12T14:00:00+00:00,5367
25yPcyqSpSv8T2JWyoKKRiU622Sr7LoMk9S3FmuBFt8S,sol,2025-12-01T00:00:00+00:00,2026-07-12T14:00:00+00:00,5367
27xTw76tK5Wp9w9GR9t4jC9uuqAoKpvt4Ld9uWMoff4D,sol,2025-12-01T00:00:00+00:00,2026-07-12T14:00:00+00:00,5367
28a2oQVCPrJB7SLZo4DVMVdHchSXiG8sZy31DohPpump,sol,2025-12-01T00:00:00+00:00,2026-07-12T14:00:00+00:00,5367
2946ofy854iifvXCQmHX2AJgxRBoQcchy1gfD26RtkHp,sol,2025-12-01T00:00:00+00:00,2026-07-12T14:00:00+00:00,5367
2AEU9yWk3dEGnVwRaKv4div5TarC4dn7axFLyz6zG4Pf,sol,2025-12-01T00:00:00+00:00,2026-07-12T14:00:00+00:00,5367
2DDyLzN1pxVddhkgZYJdJH6YFUbeSVPFZBMSxcLswwap,sol,2025-12-01T00:00:00+00:00,2026-07-12T14:00:00+00:00,5367
2EH5Y18tw366g3VQvXKXKhr4zhYD6sC8X2Ktw3ocpump,sol,2025-12-01T00:00:00+00:00,2026-07-12T14:00:00+00:00,5367
2FKuYE5D75e9Fjg3ymGBrFfVc8tVKac4SeyvZn5dGNUz,sol,2025-12-01T00:00:00+00:00,2026-07-12T14:00:00+00:00,5367
2GXmB95pGD3pHV4mzNq7YsmyiEmVYWQLptbwYqgdpump,sol,2025-12-01T00:00:00+00:00,2026-07-12T14:00:00+00:00,5367
2KE2UNJKB6RGgb78DxJbi2HXSfCs1EocHj4FDMZPr4HA,sol,2025-12-01T00:00:00+00:00,2026-07-12T14:00:00+00:00,5367
2KchKijPuwnwC92LPWVjFjRwB3WxKtzx9bbXZ7kRpump,sol,2025-12-01T00:00:00+00:00,2026-07-12T14:00:00+00:00,5367
2MtPZqwNKTNsBoFCwm4ZTWk3ySz4LSd82ucDGeTk7VNu,sol,2025-12-01T00:00:00+00:00,2026-07-12T14:00:00+00:00,5367
2MwjFE1zbXyNKw6VjzGWa3BhPtFcs8htuX2xwRAtbonk,sol,2025-12-01T00:00:00+00:00,2026-07-12T14:00:00+00:00,5367
2NjTBbskUU22JSTY9X73XQALVo4Z9mo9XtHERQuvAgf6,sol,2025-12-01T00:00:00+00:00,2026-07-12T14:00:00+00:00,5367
2PNQfRoZYwtLJJdoCy9TvwgTuUCJtn54bdEZJQcHoBLV,sol,2025-12-01T00:00:00+00:00,2026-07-12T14:00:00+00:00,5367
2ZLYEWypSrQhruqsTDqWNWuzFXe5G75dX9PoHQWtKZ31,sol,2025-12-01T00:00:00+00:00,2026-07-12T14:00:00+00:00,5367
2bNQko1C2wYfexfe9MBnd7SwwaQC6vyEXdhMkhBWEN4d,sol,2025-12-01T00:00:00+00:00,2026-07-12T14:00:00+00:00,5367
2cW8Yosn4tSYJYjfUkcpKnYBSMYDqXfJmQXVu4RJzBTw,sol,2025-12-01T00:00:00+00:00,2026-07-12T14:00:00+00:00,5367
2enpSQzqEaouvWJNpPSbVxmWFqA15j2n18vYeFpFKxfp,sol,2025-12-01T00:00:00+00:00,2026-07-12T14:00:00+00:00,5367
2geYxMQ9o466tQ3JitUVR5Xmuk4a11KXs7ZmSX1hiSJp,sol,2025-12-01T00:00:00+00:00,2026-07-12T14:00:00+00:00,5367
2k5o37XM59vQRmnnVnJAEspqfEG9VfoFNTywH49Jpump,sol,2025-12-01T00:00:00+00:00,2026-07-12T14:00:00+00:00,5367
2nCeHpECQvnMfzjU5fDMAKws1vBxMzxvWr6qqLpApump,sol,2025-12-01T00:00:00+00:00,2026-07-12T14:00:00+00:00,5367
2u3ufZ5defxwPXMixvvQpSs68PDNzHTdE52t9Crspump,sol,2025-12-01T00:00:00+00:00,2026-07-12T14:00:00+00:00,5367
2wK6ixQzEEWpoykCoaXDqp3rnYQVqkqoKM55a1Rbpump,sol,2025-12-01T00:00:00+00:00,2026-07-12T14:00:00+00:00,5367
2x8o3hA5S5fBxCSE9hzVTf3RohcMWHqkDNKNEPuzprD5,sol,2025-12-01T00:00:00+00:00,2026-07-12T14:00:00+00:00,5367
2yd2Suus3YY4Sa7LHhn1PSHkjXj3XKrars4cCog2tGU8,sol,2025-12-01T00:00:00+00:00,2026-07-12T14:00:00+00:00,5367
31tCNEE6LiL9yW4Bu153Dq4vi2GuorXxCA9pW9aA6ecU,sol,2025-12-01T00:00:00+00:00,2026-07-12T14:00:00+00:00,5367
3CaBxqxWsP5oqS84Pkja4wLxyZYsHzMivQbnfwFJQeL1,sol,2025-12-01T00:00:00+00:00,2026-07-12T14:00:00+00:00,5367
3RCVCywxSs8pDRU1hw8fo7xTUCpNuX86w8cKTM6fgWBY,sol,2025-12-01T00:00:00+00:00,2026-07-12T14:00:00+00:00,5367
3Ydb2n8vAFdBJYpdiZEoDxRXLmiGDY1fuizVmMPMpump,sol,2025-12-01T00:00:00+00:00,2026-07-12T14:00:00+00:00,5367
3ag1Mj9AKz9FAkCQ6gAEhpLSX8B2pUbPdkb9iBsDLZNB,sol,2025-12-01T00:00:00+00:00,2026-07-12T14:00:00+00:00,5367
3dQugtW8ne2PHcjoGFek2j8Ht7o87jKqaSPNWuC2pump,sol,2025-12-01T00:00:00+00:00,2026-07-12T14:00:00+00:00,5367
3gfm611yupHrsZ34hc5K87Q6pWXx6zLwL481hQq3rGMA,sol,2025-12-01T00:00:00+00:00,2026-07-12T14:00:00+00:00,5367
3iCJnnDYFT4RrPs7vMzw21sfVfy4br1xWmJioz7FGJUR,sol,2025-12-01T00:00:00+00:00,2026-07-12T14:00:00+00:00,5367
3kM6vNo8WeCd7DY3EZBjPuFQ9h8gi3Bm5T8rFPQq1WBt,sol,2025-12-01T00:00:00+00:00,2026-07-12T14:00:00+00:00,5367
3pGyE8coXwBy8rx71zjtHDRrSA5TvKmuRgqwhK3Xmoon,sol,2025-12-01T00:00:00+00:00,2026-07-12T14:00:00+00:00,5367
3scMvmF6e4ahkaz6SxPzVvb8DytrDyViTLYnHccApump,sol,2025-12-01T00:00:00+00:00,2026-07-12T14:00:00+00:00,5367
3uXACfojUrya7VH51jVC1DCHq3uzK4A7g469Q954LABS,sol,2025-12-01T00:00:00+00:00,2026-07-12T14:00:00+00:00,5367
3uejHm24sWmniGA5m4j4S1DVuGqzYBR5DJpevND4mivq,sol,2025-12-01T00:00:00+00:00,2026-07-12T14:00:00+00:00,5367
3vgopg7xm3EWkXfxmWPUpcf7g939hecfqg18sLuXDzVt,sol,2025-12-01T00:00:00+00:00,2026-07-12T14:00:00+00:00,5367
3vreYfM6AxbEKdisdpuGpkPpxmtXn6Ema9unhxympump,sol,2025-12-01T00:00:00+00:00,2026-07-12T14:00:00+00:00,5367
3wPQhXYqy861Nhoc4bahtpf7G3e89XCLfZ67ptEfZUSA,sol,2025-12-01T00:00:00+00:00,2026-07-12T14:00:00+00:00,5367
3wZETGgGbR8mJPPmJtzkTubRBT7N7Ps64D939fZhQoA8,sol,2025-12-01T00:00:00+00:00,2026-07-12T14:00:00+00:00,5367
3xypwTgs9nWgjc6nUBiHmMb36t2PwL3SwCZkEQvW8FTX,sol,2025-12-01T00:00:00+00:00,2026-07-12T14:00:00+00:00,5367
43yfnktSfyKkPXRLyevHu8rNXwWHxTXS1ntQbeArpump,sol,2025-12-01T00:00:00+00:00,2026-07-12T14:00:00+00:00,5367
44o1iDPGuzHxQgDrPE3HRb2WXwGLsBsY7yMttX47pump,sol,2025-12-01T00:00:00+00:00,2026-07-12T14:00:00+00:00,5367
46cCLt1TcdmeMr8xmEshLapyENRQtfDh3npmbN91ohE6,sol,2025-12-01T00:00:00+00:00,2026-07-12T14:00:00+00:00,5367
48yjoFSJ8m6jgDorrYvwfxoLCPAuML9sGz975ZAJtbBY,sol,2025-12-01T00:00:00+00:00,2026-07-12T14:00:00+00:00,5367
4AGxpKxYnw7g1ofvYDs5Jq2a1ek5kB9jS2NTUaippump,sol,2025-12-01T00:00:00+00:00,2026-07-12T14:00:00+00:00,5367
4F2yutcbkabE5MJoDvrDLa5U2re5HPABSCVKA7vqrKcH,sol,2025-12-01T00:00:00+00:00,2026-07-12T14:00:00+00:00,5367
4FdojUmXeaFMBG6yUaoufAC5Bz7u9AwnSAMizkx5pump,sol,2025-12-01T00:00:00+00:00,2026-07-12T14:00:00+00:00,5367
4G86CMxGsMdLETrYnavMFKPhQzKTvDBYGMRAdVtr72nu,sol,2025-12-01T00:00:00+00:00,2026-07-12T14:00:00+00:00,5367
4HuSTfcJruukNbhrF9sc5iKrMeGxNBs6XpQ1L2hUpump,sol,2025-12-01T00:00:00+00:00,2026-07-12T14:00:00+00:00,5367
4JFcUJ1HfFKz2F8thdu2frk558EjrLvKEmeMq1ZM2xBP,sol,2025-12-01T00:00:00+00:00,2026-07-12T14:00:00+00:00,5367
4KbzSz2VF1LCvEaw8viq1335VgWzNjMd8rwQMsCkKHip,sol,2025-12-01T00:00:00+00:00,2026-07-12T14:00:00+00:00,5367
4MPGEXpxmi51CC1y57uP6rJ3SKUPvtca8m3tzLgQcBLV,sol,2025-12-01T00:00:00+00:00,2026-07-12T14:00:00+00:00,5367
4N4DnNo3qpPks9aQCkcWkzoir8tnvT6diS4TnnZibonk,sol,2025-12-01T00:00:00+00:00,2026-07-12T14:00:00+00:00,5367
4NPzwMK2gfgQ6rTv8x4EE1ZvKW6MYyYTSrAZCx7zxyaX,sol,2025-12-01T00:00:00+00:00,2026-07-12T14:00:00+00:00,5367
4NtKBFMRkEm2sTuQLBrbFC3LYJJQNyM7GgM9yJqFynuQ,sol,2025-12-01T00:00:00+00:00,2026-07-12T14:00:00+00:00,5367
4Us48iba2hynujj7J9rwU6vga26uJVMH3zoHvD8BB4CL,sol,2025-12-01T00:00:00+00:00,2026-07-12T14:00:00+00:00,5367
4ZFHpmXteZs9cGao87L3qkJzRBxeziesgphhpLvLpump,sol,2025-12-01T00:00:00+00:00,2026-07-12T14:00:00+00:00,5367
4c53VeEq8jVA9EoeGAz9tBC9hhNYHj5quwrMDqEiYxM3,sol,2025-12-01T00:00:00+00:00,2026-07-12T14:00:00+00:00,5367
4nhQdXfoHvCCVnyZQg3awXqPrKL89Ys7Rbe77oXM47GG,sol,2025-12-01T00:00:00+00:00,2026-07-12T14:00:00+00:00,5367
4nswj3o1Lo9iWYvvRJxUD8vbCy9ay7QQoXYcncHNbonk,sol,2025-12-01T00:00:00+00:00,2026-07-12T14:00:00+00:00,5367
4onzDs1X6ubktirorHB8iYbve3K4bBtkGpYehqzGm9So,sol,2025-12-01T00:00:00+00:00,2026-07-12T14:00:00+00:00,5367
4qw5MNc9oLKS22hiFTK6TNBHCqegDK3qzhMDgawtwnUL,sol,2025-12-01T00:00:00+00:00,2026-07-12T14:00:00+00:00,5367
4uRn7vxRPWYP4HuAa4UNXwEPLRL8oQ71YByMhr6yBnL4,sol,2025-12-01T00:00:00+00:00,2026-07-12T14:00:00+00:00,5367
4v7TVrzCQPp2nNHn9twrf3eyHQqcy7ieVSLY4xE2hqV,sol,2025-12-01T00:00:00+00:00,2026-07-12T14:00:00+00:00,5367
4xDPH7DVtDXA2eU6wp9BjhryfXEdxBuhe4hnEc9yz1pJ,sol,2025-12-01T00:00:00+00:00,2026-07-12T14:00:00+00:00,5367
51MyT1MHfVU4jzasM6BBJu7WTJLtfrXnqrQ8DZTspump,sol,2025-12-01T00:00:00+00:00,2026-07-12T14:00:00+00:00,5367
59VVFXxRSB8Y94gAMoga7SzN6y6TKmrddY7pAz4apump,sol,2025-12-01T00:00:00+00:00,2026-07-12T14:00:00+00:00,5367
5SRer48NRfmhsut1n4ZwSAVUJAErNjdKcXTMVaxdpump,sol,2025-12-01T00:00:00+00:00,2026-07-12T14:00:00+00:00,5367
5TfqNKZbn9AnNtzq8bbkyhKgcPGTfNDc9wNzFrTBpump,sol,2025-12-01T00:00:00+00:00,2026-07-12T14:00:00+00:00,5367
5X6AuKY8QF2xzYUEYYCxf9t9FXhuG76hHJNAB8qUbKqz,sol,2025-12-01T00:00:00+00:00,2026-07-12T14:00:00+00:00,5367
5XL4796vCCJupSm1d2iq1UgQVafKhgyTtjAUYELHsmth,sol,2025-12-01T00:00:00+00:00,2026-07-12T14:00:00+00:00,5367
5XqzzdodsNtAM8TtQyiqGVbD7GwLBBN7oVnRA3hLpump,sol,2025-12-01T00:00:00+00:00,2026-07-12T14:00:00+00:00,5367
5Z7bWSvcxVeUkroSypFW3Tsw7vPoJUcCxhTFNenLxNoR,sol,2025-12-01T00:00:00+00:00,2026-07-12T14:00:00+00:00,5367
5a6LTLwdMJBY2JDLjw8B1w4JwFRdZszGF9W56ZzrriS1,sol,2025-12-01T00:00:00+00:00,2026-07-12T14:00:00+00:00,5367
5cL3TVJ7p5ZKqyx16DXwpdcNx5u19vQtWujA9vYindi,sol,2025-12-01T00:00:00+00:00,2026-07-12T14:00:00+00:00,5367
5iVmFCCwJTuuw7p4FrxYoZ1bUNdjg14j7uv5hMsMpump,sol,2025-12-01T00:00:00+00:00,2026-07-12T14:00:00+00:00,5367
5wAfxHDCFw3hy2TNDFVPvhFaJRc7VJEvKkcEommNzaty,sol,2025-12-01T00:00:00+00:00,2026-07-12T14:00:00+00:00,5367
5yw793FZPCaPcuUN4F61VJh2ehsFX87zvHbCA4oRebfn,sol,2025-12-01T00:00:00+00:00,2026-07-12T14:00:00+00:00,5367
5zqwZoo3TkHJzxf797pXRbHGV328J7xaAegWKWk17Efi,sol,2025-12-01T00:00:00+00:00,2026-07-12T14:00:00+00:00,5367
6156vEwBw11hGF6rkr3um5RPNWfBCYBFH7XcbEF47erH,sol,2025-12-01T00:00:00+00:00,2026-07-12T14:00:00+00:00,5367
632SvBrfaep51NGKnKtUHTR9J2T4uYGKEQkCgy42USA,sol,2025-12-01T00:00:00+00:00,2026-07-12T14:00:00+00:00,5367
63bpnCja1pGB2HSazkS8FAPAUkYgcXoDwYHfvZZveBot,sol,2025-12-01T00:00:00+00:00,2026-07-12T14:00:00+00:00,5367
65aP2yHMZ6RxZpXn3iHhfBRnzCpwbZeVDTXAoi1gpump,sol,2025-12-01T00:00:00+00:00,2026-07-12T14:00:00+00:00,5367
66bHtzcXqmLgkn668EG4ETzHL3RLz5ybdckqvrPppump,sol,2025-12-01T00:00:00+00:00,2026-07-12T14:00:00+00:00,5367
6AarZpv8KwmPBxBEZdRmd3g1q2tUBaSgTNQ5e621qcZQ,sol,2025-12-01T00:00:00+00:00,2026-07-12T14:00:00+00:00,5367
6AmNhPanjUR5g1fLv4aGaZKXC44ghfAVH3Ly59XE93s6,sol,2025-12-01T00:00:00+00:00,2026-07-12T14:00:00+00:00,5367
6CEH3RdzsubHF94fRuU7DWGNh5XpatXmu6jqJnh7kqfM,sol,2025-12-01T00:00:00+00:00,2026-07-12T14:00:00+00:00,5367
6DNSN2BJsaPFdFFc1zP37kkeNe4Usc1Sqkzr9C9vPWcU,sol,2025-12-01T00:00:00+00:00,2026-07-12T14:00:00+00:00,5367
6FLsSkF4AqQeDuqEmGPyBZvVebc4WWWntnZP2QZyBzG8,sol,2025-12-01T00:00:00+00:00,2026-07-12T14:00:00+00:00,5367
6H8uyJYrPVcra6Fi7iWh29DXSm8KctzhHRyXmPwKpump,sol,2025-12-01T00:00:00+00:00,2026-07-12T14:00:00+00:00,5367
6fr6Dwy77PvYaMc6AFYkoM3YYcAd69hmnRPVxdCebSxn,sol,2025-12-01T00:00:00+00:00,2026-07-12T14:00:00+00:00,5367
6gJ8ZmypNAJmE3uQPgM4Xi94H5aYtDLZRoMGFSbw39jQ,sol,2025-12-01T00:00:00+00:00,2026-07-12T14:00:00+00:00,5367
6iLdD95sQqrTh2A1GRnjvFQMiuSYW6vXoAADP4uo5R2D,sol,2025-12-01T00:00:00+00:00,2026-07-12T14:00:00+00:00,5367
6ikxp2KnQcdCik8Aadi2ScE7qgH4j5C7BvSyA29Wpump,sol,2025-12-01T00:00:00+00:00,2026-07-12T14:00:00+00:00,5367
6isASTZoSv5MANN5czhZEVEizrefg3PDDYoMW7hzBfcE,sol,2025-12-01T00:00:00+00:00,2026-07-12T14:00:00+00:00,5367
6kKF36JCUw6JDumAEJEQDrRsJD7jEG14ZpYkALnqpump,sol,2025-12-01T00:00:00+00:00,2026-07-12T14:00:00+00:00,5367
6kQc2ok7ANqyj4r77TcYgEDXHB4d4ZJb4KYuiveLwhRN,sol,2025-12-01T00:00:00+00:00,2026-07-12T14:00:00+00:00,5367
6wShYhqA2gs3HUAZ4MyaPDpKPBWFJUQQUGaCoy2k1Tgz,sol,2025-12-01T00:00:00+00:00,2026-07-12T14:00:00+00:00,5367
73UdJevxaNKXARgkvPHQGKuv8HCZARszuKW2LTL3pump,sol,2025-12-01T00:00:00+00:00,2026-07-12T14:00:00+00:00,5367
74DSHnK1qqr4z1pXjLjPAVi8XFngZ635jEVpdkJtnizQ,sol,2025-12-01T00:00:00+00:00,2026-07-12T14:00:00+00:00,5367
78ZnfsncDVyhE2HVPe5LscUrgKsJpwP3wJDHRF2TuC1v,sol,2025-12-01T00:00:00+00:00,2026-07-12T14:00:00+00:00,5367
7E2iF4WFs5biCtkAVFCBPEdnpg7t2D19VzxjxEPvpump,sol,2025-12-01T00:00:00+00:00,2026-07-12T14:00:00+00:00,5367
7FYvphuZtRxB7BZd8PZ65yZmEEuWYYdxiHubthyd38BE,sol,2025-12-01T00:00:00+00:00,2026-07-12T14:00:00+00:00,5367
7G5DM7Jy7TMWKgH313tA3vF6AqHpbHP4TWZzpTVLWv9c,sol,2025-12-01T00:00:00+00:00,2026-07-12T14:00:00+00:00,5367
7NQSHjuEGENZDWfSvPZz7oP2D6c5Jc3LjFC6uh179ufr,sol,2025-12-01T00:00:00+00:00,2026-07-12T14:00:00+00:00,5367
7V5AaqHTwiySegaAmNPLekQfTAoK4WvEVgfi2R8V44tB,sol,2025-12-01T00:00:00+00:00,2026-07-12T14:00:00+00:00,5367
7Y2TPeq3hqw21LRTCi4wBWoivDngCpNNJsN1hzhZpump,sol,2025-12-01T00:00:00+00:00,2026-07-12T14:00:00+00:00,5367
7d1vpt5eri79nETcL74Punhp3mGkeBgUkMdPWep6pump,sol,2025-12-01T00:00:00+00:00,2026-07-12T14:00:00+00:00,5367
7d5uLATMiAoRC1n9yNc7VCrhx44H6bjEzDx7Gxuhpump,sol,2025-12-01T00:00:00+00:00,2026-07-12T14:00:00+00:00,5367
7dd7kiwbPmwh7KuJNKyc2mshpVP42XQ4GXYWbmBGK8DK,sol,2025-12-01T00:00:00+00:00,2026-07-12T14:00:00+00:00,5367
7df5p5aoW787CqUWGU2cwtdmtjd5Eiy3oJTbSpeRjupx,sol,2025-12-01T00:00:00+00:00,2026-07-12T14:00:00+00:00,5367
7evZ2P7uyerbqtVMjvFav4Gr4KnmPtYEGALJoRKVpgFz,sol,2025-12-01T00:00:00+00:00,2026-07-12T14:00:00+00:00,5367
7pL98QbnrMZCe5FEKajSdTTgLn6Thf5CFaozLkayBAGS,sol,2025-12-01T00:00:00+00:00,2026-07-12T14:00:00+00:00,5367
7s7PKr3qhuvZjngR1Zmsy53tFLLhZA4aoMnzeE8Z2H5Z,sol,2025-12-01T00:00:00+00:00,2026-07-12T14:00:00+00:00,5367
7sYAhEucFNkme29jHqSeFYNenAgD8krH9KmJeUs8Un43,sol,2025-12-01T00:00:00+00:00,2026-07-12T14:00:00+00:00,5367
7uwNJaMRj9FZuubmzguU8A4cR15ykpBymhAiVJEFTjZ5,sol,2025-12-01T00:00:00+00:00,2026-07-12T14:00:00+00:00,5367
7vKX5rx57VPE1ozJesFzojdPjGZ3M89894PT27i6seUF,sol,2025-12-01T00:00:00+00:00,2026-07-12T14:00:00+00:00,5367
7wTT5wGFRgY21okVnsDmp5hcGw2n8hL1wEAKjS5wpump,sol,2025-12-01T00:00:00+00:00,2026-07-12T14:00:00+00:00,5367
7xd71KP4HwQ4sM936xL8JQZCwE4amUko1AdCCf6Znjrt,sol,2025-12-01T00:00:00+00:00,2026-07-12T14:00:00+00:00,5367
7zBWymxbZt7PVHQzfi3i85frc1YRiQc23K7bh3gos8ZC,sol,2025-12-01T00:00:00+00:00,2026-07-12T14:00:00+00:00,5367
81uWcu3yN3VJmsnXnfEpbTZ5T9EZg9aJCRsnTMER72NE,sol,2025-12-01T00:00:00+00:00,2026-07-12T14:00:00+00:00,5367
838ByxAj4QFwA6mhs7gUzYw8tKjZ5NJSw3XQudAuGZZC,sol,2025-12-01T00:00:00+00:00,2026-07-12T14:00:00+00:00,5367
87B6mb9KBjaF5NHrB3H33f7grdUHi4oWmMErjhZ5bonk,sol,2025-12-01T00:00:00+00:00,2026-07-12T14:00:00+00:00,5367
8C4RygkxmePm9ys1qCcAB46dUCXNQYTaqfxS5mBrpump,sol,2025-12-01T00:00:00+00:00,2026-07-12T14:00:00+00:00,5367
8CkiSHHJDHJV4LUoiRMLUhqG58cUkbyJRtcP4Z3mCXNf,sol,2025-12-01T00:00:00+00:00,2026-07-12T14:00:00+00:00,5367
8NCievmJCg2d9Vc2TWgz2HkE6ANeSX7kwvdq5AL7pump,sol,2025-12-01T00:00:00+00:00,2026-07-12T14:00:00+00:00,5367
8ZeTmGGktvSwSSghx8btbTAVGdWogThKM4DQBJgRpump,sol,2025-12-01T00:00:00+00:00,2026-07-12T14:00:00+00:00,5367
8ZepSXp47WFyDK21QbvMiiKVWRHnGrAegiwDr71PfGi3,sol,2025-12-01T00:00:00+00:00,2026-07-12T14:00:00+00:00,5367
8c71AvjQeKKeWRe8jtTGG1bJ2WiYXQdbjqFbUfhHgSVk,sol,2025-12-01T00:00:00+00:00,2026-07-12T14:00:00+00:00,5367
8fZL148nnC168RAVCZh4PkjvMZmxMEfMLDhoziWVPnqf,sol,2025-12-01T00:00:00+00:00,2026-07-12T14:00:00+00:00,5367
8fdBKZq7wo9fJbsZEZhq6omCgvKzLt97HY9XaGgqpump,sol,2025-12-01T00:00:00+00:00,2026-07-12T14:00:00+00:00,5367
8o66EVAf4u2Hr21m2tuRrPtEXFPLr8G8aL1ETStP8fDu,sol,2025-12-01T00:00:00+00:00,2026-07-12T14:00:00+00:00,5367
8oiPhiFrmXS93iC98M4ATev8emQ6XGtf8pz8sntbbqGt,sol,2025-12-01T00:00:00+00:00,2026-07-12T14:00:00+00:00,5367
8vGr1eX9vfpootWiUPYa5kYoGx9bTuRy2Xc4dNMrpump,sol,2025-12-01T00:00:00+00:00,2026-07-12T14:00:00+00:00,5367
8wv2KAykQstNAj2oW6AHANGBiFKVFhvMiyyzzjhkmGvE,sol,2025-12-01T00:00:00+00:00,2026-07-12T14:00:00+00:00,5367
93RC484oMK5T9H89rzT5qiAXKHGP9jscXfFfrihNbe57,sol,2025-12-01T00:00:00+00:00,2026-07-12T14:00:00+00:00,5367
94jMUy411XNUw1CnkFr2514fq6KRc49W3kAmrjJiuZLx,sol,2025-12-01T00:00:00+00:00,2026-07-12T14:00:00+00:00,5367
95wjU4CP6PFEqazmwT3Tc15ek8ZKMBLCZddhASMZVcW3,sol,2025-12-01T00:00:00+00:00,2026-07-12T14:00:00+00:00,5367
98sMhvDwXj1RQi5c5Mndm3vPe9cBqPrbLaufMXFNMh5g,sol,2025-12-01T00:00:00+00:00,2026-07-12T14:00:00+00:00,5367
9999FVbjHioTcoJpoBiSjpxHW6xEn3witVuXKqBh2RFQ,sol,2025-12-01T00:00:00+00:00,2026-07-12T14:00:00+00:00,5367
99Q3AfFWX3rdidoQCnAPPoZFjsaXr2AAk65RUgxiwfUi,sol,2025-12-01T00:00:00+00:00,2026-07-12T14:00:00+00:00,5367
9AsPPTiQ12Rg2H5vQ4y5qnLSRmCzaoosXkLPiU94Yp7B,sol,2025-12-01T00:00:00+00:00,2026-07-12T14:00:00+00:00,5367
9BVn3Y8tPghbnGuuuxoj2mGekqgSQV1M7nALF7brpump,sol,2025-12-01T00:00:00+00:00,2026-07-12T14:00:00+00:00,5367
9CzmA137fzLtdyfaBY63Sa85uY8ZvBiX3MrAJypzsDGR,sol,2025-12-01T00:00:00+00:00,2026-07-12T14:00:00+00:00,5367
9ET2QCQJdFkeKkuaampNbmicbA8eLYauFCWch9Ddh9p5,sol,2025-12-01T00:00:00+00:00,2026-07-12T14:00:00+00:00,5367
9Ep7XNDaBziwVe9NmTWQAuucL3EaoGzmq1Lxv1HVK4y2,sol,2025-12-01T00:00:00+00:00,2026-07-12T14:00:00+00:00,5367
9GnYb1ukBUKHobqpmNdzBE7VkYn7wWqianpKaYFPBChk,sol,2025-12-01T00:00:00+00:00,2026-07-12T14:00:00+00:00,5367
9HSMssrVecFSs494Zw1QBZL5m3Wjtnic4o1nX6u7pump,sol,2025-12-01T00:00:00+00:00,2026-07-12T14:00:00+00:00,5367
9LmCL3nyvFG95cB9RpaszPTAwaQykVAHcSxQbJ6vNpAU,sol,2025-12-01T00:00:00+00:00,2026-07-12T14:00:00+00:00,5367
9NyLK6MHjbaKd1bY3EnFPJQDmkDLvC2WajUCErp9pump,sol,2025-12-01T00:00:00+00:00,2026-07-12T14:00:00+00:00,5367
9TVjnzpF3X8DHsfVqYWoCGphJxtGYh1PDCFN5QmsHW5t,sol,2025-12-01T00:00:00+00:00,2026-07-12T14:00:00+00:00,5367
9UNqoPEXXxEnEphmyYsZYdL5dnmAUtdiKRUchpnUF5Ph,sol,2025-12-01T00:00:00+00:00,2026-07-12T14:00:00+00:00,5367
9VY2rDbtsBmTsBxoRF8hWSEUKGqnoQoe9V6W3JnjNgfm,sol,2025-12-01T00:00:00+00:00,2026-07-12T14:00:00+00:00,5367
9XgfFWPxPU6hyDyGtfhC9D6eyRE3RUSgAYKHRznWpump,sol,2025-12-01T00:00:00+00:00,2026-07-12T14:00:00+00:00,5367
9Yn6bnF3eKLqocUVMxduh7WWqgQZ8DvWQDYTX9Ncpump,sol,2025-12-01T00:00:00+00:00,2026-07-12T14:00:00+00:00,5367
9dLuVbJMd4ZpTpFgmaFHAGSsFwVjtcnzFWaLAA1expHg,sol,2025-12-01T00:00:00+00:00,2026-07-12T14:00:00+00:00,5367
9ezFthWrDUpSSeMdpLW6SDD9TJigHdc4AuQ5QN5bpump,sol,2025-12-01T00:00:00+00:00,2026-07-12T14:00:00+00:00,5367
9hnmRRR4jdGvDM89WMyq9UdDfWT6iuDYAjFZQfn7pump,sol,2025-12-01T00:00:00+00:00,2026-07-12T14:00:00+00:00,5367
9mNjA6BizTwpvd4DS3o7BjwZ6aPM9DC2jLHS7JFGbonk,sol,2025-12-01T00:00:00+00:00,2026-07-12T14:00:00+00:00,5367
9mXZ54YnJJRmUN2MaMEtWCfFyoncP4ZhKz7U9DZ4JY2X,sol,2025-12-01T00:00:00+00:00,2026-07-12T14:00:00+00:00,5367
9n8b1EXLCA8Z22mf7pjLKVNzuQgGbyPfLrmFQvEcHeSU,sol,2025-12-01T00:00:00+00:00,2026-07-12T14:00:00+00:00,5367
9qTA3A113oG94ppSpiJTwWCyj44wyNcgPAs5i9d7QQne,sol,2025-12-01T00:00:00+00:00,2026-07-12T14:00:00+00:00,5367
9raUVuzeWUk53co63M4WXLWPWE4Xc6Lpn7RS9dnkpump,sol,2025-12-01T00:00:00+00:00,2026-07-12T14:00:00+00:00,5367
9tTRFq88NeZFpD2DcSZDMEvkvHtLivBeYd1w5Chfpump,sol,2025-12-01T00:00:00+00:00,2026-07-12T14:00:00+00:00,5367
9tbJGeXNHsLEkncTRSUF7Cn2k6Meji5wvz4jpagmpump,sol,2025-12-01T00:00:00+00:00,2026-07-12T14:00:00+00:00,5367
9w3pJSRhxPFAvsxNJDkQV7kvAj3DtSQJXFPnVCKWYeba,sol,2025-12-01T00:00:00+00:00,2026-07-12T14:00:00+00:00,5367
9wA13aDuKDAAocctNBFpt8F1UU5WQNJBemba3JZFcNzE,sol,2025-12-01T00:00:00+00:00,2026-07-12T14:00:00+00:00,5367
9yM42HMJnN69rhMGr8nCYSRtFxjWTWm5Z6GeucyLBEHg,sol,2025-12-01T00:00:00+00:00,2026-07-12T14:00:00+00:00,5367
9yZ5Ru8pbmJZ6Q2DKLCGXkaLNwkm83cnJ4QCw4PFpump,sol,2025-12-01T00:00:00+00:00,2026-07-12T14:00:00+00:00,5367
A18GrBLPSWUGg1pp3tg9oJU2KBQrkkKiyykL21b4u22i,sol,2025-12-01T00:00:00+00:00,2026-07-12T14:00:00+00:00,5367
A1ApexoMVQf3TJ9NGjZzGTkp83nyUF5UsLZVbRu4o6Q3,sol,2025-12-01T00:00:00+00:00,2026-07-12T14:00:00+00:00,5367
A1KLoBrKBde8Ty9qtNQUtq3C2ortoC3u7twggz7sEto6,sol,2025-12-01T00:00:00+00:00,2026-07-12T14:00:00+00:00,5367
A9E2AopuG56LWYiXsvGLLTcLjUjQ539PY6k5Fhfepump,sol,2025-12-01T00:00:00+00:00,2026-07-12T14:00:00+00:00,5367
AATECgWF4KjALbpgUXjabqFKHmdtjWdfdFNzCH3ipump,sol,2025-12-01T00:00:00+00:00,2026-07-12T14:00:00+00:00,5367
AAXng5czWLNtTXHdWEn9Ef7kXMXEaraHj2JQKo7ZoLux,sol,2025-12-01T00:00:00+00:00,2026-07-12T14:00:00+00:00,5367
AAoJ5eYd61QsUBRBxjCcAdsQZpQYxrob2wS4Hzoaeoas,sol,2025-12-01T00:00:00+00:00,2026-07-12T14:00:00+00:00,5367
ABt79MkRXUsoHuV2CVQT32YMXQhTparKFjmidQxgiQ6E,sol,2025-12-01T00:00:00+00:00,2026-07-12T14:00:00+00:00,5367
ADNScivK6Pt2XsfsufuyUiZaKbRww5JANDvZ7texDid1,sol,2025-12-01T00:00:00+00:00,2026-07-12T14:00:00+00:00,5367
ADcEtKSVKDxBUe3JERgSh9q458w3kRKPMHkihF13vxx2,sol,2025-12-01T00:00:00+00:00,2026-07-12T14:00:00+00:00,5367
AG5j4hhrd1ReYi7d1JsZL8ZpcoHdjXvc8sdpWF74RaQh,sol,2025-12-01T00:00:00+00:00,2026-07-12T14:00:00+00:00,5367
AHdVQs56QpEEkRx6m8yiYYEiqM2sKjQxVd6mGH12pump,sol,2025-12-01T00:00:00+00:00,2026-07-12T14:00:00+00:00,5367
ALR5X2H6THn2VDPoMtkVwxVktcN1kQGvxCwLfejzpump,sol,2025-12-01T00:00:00+00:00,2026-07-12T14:00:00+00:00,5367
AMzmwvDRKdt5AQ3m1m28tWjzBxmQNe1PsmHnYitVZwzp,sol,2025-12-01T00:00:00+00:00,2026-07-12T14:00:00+00:00,5367
ARTtpGGVYbVH5LwPNgD7Kta5U4fMNAPNoJcge7iadTL6,sol,2025-12-01T00:00:00+00:00,2026-07-12T14:00:00+00:00,5367
AVKnbqNQgXDY8kbnno9eSGfwpVz5idimBnDKiz1vbWAh,sol,2025-12-01T00:00:00+00:00,2026-07-12T14:00:00+00:00,5367
AZjYk1DqGnLWZzGyyNzYTC5xqUyNRHLhiHXhZdGKUhiu,sol,2025-12-01T00:00:00+00:00,2026-07-12T14:00:00+00:00,5367
AaFf8fFi9uN69MTyiioi7AeyUnotcwZSG49yVo242H6J,sol,2025-12-01T00:00:00+00:00,2026-07-12T14:00:00+00:00,5367
Adnt54rju5NjPuGDYLNoExPHtGBzf5WeDJhT5c4Zpump,sol,2025-12-01T00:00:00+00:00,2026-07-12T14:00:00+00:00,5367
AdxNrCntq6YkYC2qVffF2Fw7WC1UatKhV8J6G4ekgNx3,sol,2025-12-01T00:00:00+00:00,2026-07-12T14:00:00+00:00,5367
AfARcLLqRHsZc4xPWHE9nXZAswZaW294Ff1xcYQbjkLq,sol,2025-12-01T00:00:00+00:00,2026-07-12T14:00:00+00:00,5367
AkbvXVZPzrHSpcxNADQ7Uxk6nvjHtpHn4nqNQZY8TJBn,sol,2025-12-01T00:00:00+00:00,2026-07-12T14:00:00+00:00,5367
AnXE9mZYWReqBw4v5HrY2S2utt42uEtcBGmuCXASvRAi,sol,2025-12-01T00:00:00+00:00,2026-07-12T14:00:00+00:00,5367
AymATz4TCL9sWNEEV9Kvyz45CHVhDZ6kUgjTJPzLpU9P,sol,2025-12-01T00:00:00+00:00,2026-07-12T14:00:00+00:00,5367
AyrQpt5xsVYiN4BqgZdd2tZJAWswT9yLUZmP1jKqpump,sol,2025-12-01T00:00:00+00:00,2026-07-12T14:00:00+00:00,5367
B8bFLQUZg9exegB1RWV9D7eRsQw1EjyfKU22jf1fpump,sol,2025-12-01T00:00:00+00:00,2026-07-12T14:00:00+00:00,5367
BAezfVmia8UYLt4rst6PCU4dvL2i2qHzqn4wGhytpNJW,sol,2025-12-01T00:00:00+00:00,2026-07-12T14:00:00+00:00,5367
BAsnXPVYuvZDfEFR7tmu9sG9gPyHy58Jpjs2AuUw1FLx,sol,2025-12-01T00:00:00+00:00,2026-07-12T14:00:00+00:00,5367
BBKPiLM9KjdJW7oQSKt99RVWcZdhF6sEHRKnwqeBGHST,sol,2025-12-01T00:00:00+00:00,2026-07-12T14:00:00+00:00,5367
BCXpjsHYmgVpRKdv4EQv1RARhYagnnwPkJjYbvM6bonk,sol,2025-12-01T00:00:00+00:00,2026-07-12T14:00:00+00:00,5367
BEamfAJycLnX3ij9mR22T71XWdruM1uQik8TyL3Mpump,sol,2025-12-01T00:00:00+00:00,2026-07-12T14:00:00+00:00,5367
BGN9c9JJxMgmm7rUqeLanYwWwo2GbedjUFaXn7tAeuXK,sol,2025-12-01T00:00:00+00:00,2026-07-12T14:00:00+00:00,5367
BLAAD2QLUgRSbQ9AB9jqAoHh55cGVcSBaCH9JGBh2zDX,sol,2025-12-01T00:00:00+00:00,2026-07-12T14:00:00+00:00,5367
BMBtwz6LFDJVJd2aZvL5F64fdvWP3RPn4NP5q9Xe15UD,sol,2025-12-01T00:00:00+00:00,2026-07-12T14:00:00+00:00,5367
BNTYkJdHkdP9eH4uGouRkqz9RifYL8knHVVVmBMgcNzx,sol,2025-12-01T00:00:00+00:00,2026-07-12T14:00:00+00:00,5367
BS7HxRitaY5ipGfbek1nmatWLbaS9yoWRSEQzCb3pump,sol,2025-12-01T00:00:00+00:00,2026-07-12T14:00:00+00:00,5367
BTyjf4y7sLXgtahZCH6X7gGRnGgYqRFyBSDjL6u6pump,sol,2025-12-01T00:00:00+00:00,2026-07-12T14:00:00+00:00,5367
BaoawH9p2J8yUK9r5YXQs3hQwmUJgscACjmTkh8rMwYL,sol,2025-12-01T00:00:00+00:00,2026-07-12T14:00:00+00:00,5367
BeemGmKYvz52af2myrx7xE82rE8ZvW9MgpvX8ikJQZNe,sol,2025-12-01T00:00:00+00:00,2026-07-12T14:00:00+00:00,5367
BeqAgjEajRgfh1FXggjX3p9iWhNsnrhKR5VjLj1Zmoon,sol,2025-12-01T00:00:00+00:00,2026-07-12T14:00:00+00:00,5367
BfxhMerBkBhRUGn4tX5YrBRqLqN8VjvUXHhU7K9Fpump,sol,2025-12-01T00:00:00+00:00,2026-07-12T14:00:00+00:00,5367
Bhu2wBWxfWkRJ6pFn5NodnEvMCqj9DLfCU5qMvt7pump,sol,2025-12-01T00:00:00+00:00,2026-07-12T14:00:00+00:00,5367
BhwHzku9f7fQY4QrH77wTXgXsu3xctuBA1b7kZxD5U5u,sol,2025-12-01T00:00:00+00:00,2026-07-12T14:00:00+00:00,5367
BkpaxHhE6snExazrPkVAjxDyZa8Nq3oDEzm5GQm2pump,sol,2025-12-01T00:00:00+00:00,2026-07-12T14:00:00+00:00,5367
BktHEAc2WS8TQi2vmavn1rA4L1WJuwF3Vkk3DnwwARti,sol,2025-12-01T00:00:00+00:00,2026-07-12T14:00:00+00:00,5367
BqJ6h3DkDsivnNcU7sP5V524emfHAp6kHiMGypVy3G88,sol,2025-12-01T00:00:00+00:00,2026-07-12T14:00:00+00:00,5367
BrYANThKaAbjZZH5XWLrw26NzMbfUNmBwbZiMe4Fj5Mk,sol,2025-12-01T00:00:00+00:00,2026-07-12T14:00:00+00:00,5367
BuWe9Wd5XqCUUV1xZMtcpCPg7iqdYoyC8dBdSbEUpump,sol,2025-12-01T00:00:00+00:00,2026-07-12T14:00:00+00:00,5367
Bz7Nx1F3Mti1BVS7ZAVDLSKGEaejufxvX2DPdjpf8PqT,sol,2025-12-01T00:00:00+00:00,2026-07-12T14:00:00+00:00,5367
Bzkc8h8jDrSZbWZXzuQS6om8RbgJRmxo99dYE7ShyWV4,sol,2025-12-01T00:00:00+00:00,2026-07-12T14:00:00+00:00,5367
C4Kkr9NZU3VbyedcgutU6LKmi6MKz81sx6gRmk5pX519,sol,2025-12-01T00:00:00+00:00,2026-07-12T14:00:00+00:00,5367
C5xtJBKm24WTt3JiXrvguv7vHCe7CknDB7PNabp4eYX6,sol,2025-12-01T00:00:00+00:00,2026-07-12T14:00:00+00:00,5367
CBV12y1pehFbhdnDpUfgPe88SbUZ5G2s1kLA449Yu3Ad,sol,2025-12-01T00:00:00+00:00,2026-07-12T14:00:00+00:00,5367
CDCSoLckzozyktpAp9FWT3w92KFJVEUxAU7cNu2Jn3aX,sol,2025-12-01T00:00:00+00:00,2026-07-12T14:00:00+00:00,5367
CH74tuRLTYcxG7qNJCsV9rghfLXJCQJbsu7i52a8F1Gn,sol,2025-12-01T00:00:00+00:00,2026-07-12T14:00:00+00:00,5367
CJKrnvgB5PugtXXMooJq8N31VRtzMowusi9n2SQJEJMh,sol,2025-12-01T00:00:00+00:00,2026-07-12T14:00:00+00:00,5367
CJjraBaedPnKzjnag12i7PVo5pSP6cB9heV8zr89bonk,sol,2025-12-01T00:00:00+00:00,2026-07-12T14:00:00+00:00,5367
CKfatsPMUf8SkiURsDXs7eK6GWb4Jsd6UDbs7twMCWxo,sol,2025-12-01T00:00:00+00:00,2026-07-12T14:00:00+00:00,5367
CPLTbYbtDMKZtHBaPqdDmHjxNwESCEB14gm6VuoDpump,sol,2025-12-01T00:00:00+00:00,2026-07-12T14:00:00+00:00,5367
CQ6VXxQYD1nH1SobagiQDbhND3SLEKhqSxHCPaavBoLD,sol,2025-12-01T00:00:00+00:00,2026-07-12T14:00:00+00:00,5367
CQMBR2vnAuMj7beoHn5aKztNQHXUrkikFVjnn7kqjupx,sol,2025-12-01T00:00:00+00:00,2026-07-12T14:00:00+00:00,5367
CRAMvzDsSpXYsFpcoDr6vFLJMBeftez1E7277xwPpump,sol,2025-12-01T00:00:00+00:00,2026-07-12T14:00:00+00:00,5367
CSrwNk6B1DwWCHRMsaoDVUfD5bBMQCJPY72ZG3Nnpump,sol,2025-12-01T00:00:00+00:00,2026-07-12T14:00:00+00:00,5367
CTkPYPMrehsREdzn2dBMCwNxbP9ExrEnoQHMgswYpump,sol,2025-12-01T00:00:00+00:00,2026-07-12T14:00:00+00:00,5367
CUvVMqXAcyFJnwMhojQ9jmGuWrijGt26HfY7b99dyBeB,sol,2025-12-01T00:00:00+00:00,2026-07-12T14:00:00+00:00,5367
CWBzupvyXN1Cf5rsBEHbzfTFvreLfUaJ77BMNLVJ739y,sol,2025-12-01T00:00:00+00:00,2026-07-12T14:00:00+00:00,5367
CY1P83KnKwFYostvjQcoR2HJLyEJWRBRaVQmYyyD3cR8,sol,2025-12-01T00:00:00+00:00,2026-07-12T14:00:00+00:00,5367
Ca9LxRYdZ7jK4QAqjLo4iaYmiV8FNdngtSkzM69hzgDX,sol,2025-12-01T00:00:00+00:00,2026-07-12T14:00:00+00:00,5367
CgnTSoL3DgY9SFHxcLj6CgCgKKoTBr6tp4CPAEWy25DE,sol,2025-12-01T00:00:00+00:00,2026-07-12T14:00:00+00:00,5367
ChywntqwNRzaoWYUcDQ3iALqcwSAVtjM2dPshz5AETMm,sol,2025-12-01T00:00:00+00:00,2026-07-12T14:00:00+00:00,5367
CizLY8YaSc1MXpEwf9tD89S4A1RgMCR67gXoX5pLpump,sol,2025-12-01T00:00:00+00:00,2026-07-12T14:00:00+00:00,5367
Cj2NAxiDDVvY79PLBdVQK3F3bjoHp7hvZv4kLL1vgtV3,sol,2025-12-01T00:00:00+00:00,2026-07-12T14:00:00+00:00,5367
Cjrrc595e9R47EZ3gkbUmL6ZZpLSxiXg16v2Y3Aapump,sol,2025-12-01T00:00:00+00:00,2026-07-12T14:00:00+00:00,5367
CkTFDNGUtw58dBDEnMD9RW3tjTVKaoVXctcXdq8Gpump,sol,2025-12-01T00:00:00+00:00,2026-07-12T14:00:00+00:00,5367
Cmn4v2wipYV41dkakDvCgFJpxhtaaKt11NyWV8pjSE8A,sol,2025-12-01T00:00:00+00:00,2026-07-12T14:00:00+00:00,5367
Comp4ssDzXcLeu2MnLuGNNFC4cmLPMng8qWHPvzAMU1h,sol,2025-12-01T00:00:00+00:00,2026-07-12T14:00:00+00:00,5367
CooKrc8eaU4E6AxBtNqA14V5HWCtxqeY7tZ7k2rS6QGP,sol,2025-12-01T00:00:00+00:00,2026-07-12T14:00:00+00:00,5367
CpFE715P5DnDoJj9FbCRcuyHHeTXNdRnvzNkHvq1o23U,sol,2025-12-01T00:00:00+00:00,2026-07-12T14:00:00+00:00,5367
CrAr4RRJMBVwRsZtT62pEhfA9H5utymC2mVx8e7FreP2,sol,2025-12-01T00:00:00+00:00,2026-07-12T14:00:00+00:00,5367
CrFBNi3GHQ8boqivWUTbdwd1a3xwSMfkaxPzkocipump,sol,2025-12-01T00:00:00+00:00,2026-07-12T14:00:00+00:00,5367
CsV7p4EcZx5yugwh1jUYW9bNoz4KTdSJskZHiYcUpump,sol,2025-12-01T00:00:00+00:00,2026-07-12T14:00:00+00:00,5367
CuWmZpqoVgJQuo3YVQqR6zrV3eojQfXuRmuPtQUzpump,sol,2025-12-01T00:00:00+00:00,2026-07-12T14:00:00+00:00,5367
CuXmQvh4DVTdWBdC2d3pNq8UXqbKJ3w9RPBTAALcKcTb,sol,2025-12-01T00:00:00+00:00,2026-07-12T14:00:00+00:00,5367
CvB1ztJvpYQPvdPBePtRzjL4aQidjydtUz61NWgcgQtP,sol,2025-12-01T00:00:00+00:00,2026-07-12T14:00:00+00:00,5367
CwjWKarykhGRoBHpeKJDRCo3Gsp6woxCQEaM8uSbjupx,sol,2025-12-01T00:00:00+00:00,2026-07-12T14:00:00+00:00,5367
CxiR3c9AGqMtE7bg82sLnzpLinXN3kXfcoYeYtGApFoG,sol,2025-12-01T00:00:00+00:00,2026-07-12T14:00:00+00:00,5367
CzFvsLdUazabdiu9TYXujj4EY495fG7VgJJ3vQs6bonk,sol,2025-12-01T00:00:00+00:00,2026-07-12T14:00:00+00:00,5367
D1E9r2tDMT4SJJmZFCy8kqX8DERy7tdDvhq1QR3Tpump,sol,2025-12-01T00:00:00+00:00,2026-07-12T14:00:00+00:00,5367
D1wZHkfk8d6QsCjF3NTiYHLzsZJ2Qb4Q7WBFFbGuzBLV,sol,2025-12-01T00:00:00+00:00,2026-07-12T14:00:00+00:00,5367
D3eyBjfgJMPHZyYDRtbf1cSxeLiNwKumwHzQK3h3TRRq,sol,2025-12-01T00:00:00+00:00,2026-07-12T14:00:00+00:00,5367
DAWqvQZ2K7rkC2d3iwGfreVrLLTRqY9gSHEC6cKczdHe,sol,2025-12-01T00:00:00+00:00,2026-07-12T14:00:00+00:00,5367
DCHLn5uLCDjPcmyxqeV3EFA1hAT518RR3u7gQe8iUiYQ,sol,2025-12-01T00:00:00+00:00,2026-07-12T14:00:00+00:00,5367
DDAjZFshfVvdRew1LjYSPMB3mgDD9vSW74eQouaJnray,sol,2025-12-01T00:00:00+00:00,2026-07-12T14:00:00+00:00,5367
DEHoLKtoFGvLZeA29jsUHxS14MZhjokD52SABiMfBAGS,sol,2025-12-01T00:00:00+00:00,2026-07-12T14:00:00+00:00,5367
DEJqUhPTarcaNqhT7c6fktUszcJWN6skqyWSxXchpJNm,sol,2025-12-01T00:00:00+00:00,2026-07-12T14:00:00+00:00,5367
DEpHYkW6nEm3Sxhb2rwftatrSAV3AP3ac6MgAWBbnsS8,sol,2025-12-01T00:00:00+00:00,2026-07-12T14:00:00+00:00,5367
DLMmRN9rbZspAAC3a1HgDHMC893Y2Ca9GjoNh9StwnYG,sol,2025-12-01T00:00:00+00:00,2026-07-12T14:00:00+00:00,5367
DM9dXfU4427GqxR9T7UEvUVuXGdcwX69DiWDtCrnpump,sol,2025-12-01T00:00:00+00:00,2026-07-12T14:00:00+00:00,5367
DSujpGT7Td9AVr8wRiZ5dQzXyRB8p9vV5maZuJf3TK8a,sol,2025-12-01T00:00:00+00:00,2026-07-12T14:00:00+00:00,5367
DVYcTNFVGxePLgK8rUjViJvurRmTnD1FZUBR7puADymT,sol,2025-12-01T00:00:00+00:00,2026-07-12T14:00:00+00:00,5367
DX7ru5QcF8myWT2qRPmeYFwdc2miKU4jHPdgKmawDqsD,sol,2025-12-01T00:00:00+00:00,2026-07-12T14:00:00+00:00,5367
DcoCE6yfxviowUKT91qKTbr31kQnFaWFAVXCTHgvJ1Tk,sol,2025-12-01T00:00:00+00:00,2026-07-12T14:00:00+00:00,5367
Dm5BxyMetG3Aq5PaG1BrG7rBYqEMtnkjvPNMExfacVk7,sol,2025-12-01T00:00:00+00:00,2026-07-12T14:00:00+00:00,5367
Do5AbqdEbj742B2Cm8BypAGg3h1skLaAVTbT2mLRcW8c,sol,2025-12-01T00:00:00+00:00,2026-07-12T14:00:00+00:00,5367
Do6N8m8ssowyAvXs2tkGKkJ8vaNC8H5oRkMdr9shpump,sol,2025-12-01T00:00:00+00:00,2026-07-12T14:00:00+00:00,5367
DogeLZECE9CthXasBLFxgeA2umEyt8CcV7Jsf6P5ZTFo,sol,2025-12-01T00:00:00+00:00,2026-07-12T14:00:00+00:00,5367
DwmsWi1yWRiqXnbD6JJfGMQawfcqqBnRSyk6QEoGpump,sol,2025-12-01T00:00:00+00:00,2026-07-12T14:00:00+00:00,5367
DzKqR5mchpbUzvv2cc557EMmd9W7PWquANLVLiLimVkA,sol,2025-12-01T00:00:00+00:00,2026-07-12T14:00:00+00:00,5367
E3yUqBNTZxV8ELvW99oRLC7z4ddbJqqR4NphwrMug9zu,sol,2025-12-01T00:00:00+00:00,2026-07-12T14:00:00+00:00,5367
E6eCEE3KqjRD5UxcBYQTdV8Z535hyaBuFin9Udm6s6bz,sol,2025-12-01T00:00:00+00:00,2026-07-12T14:00:00+00:00,5367
E6oCGvmSYW7qhy7oeDfiNZLX6hEmPCVxBC8AknwAj82B,sol,2025-12-01T00:00:00+00:00,2026-07-12T14:00:00+00:00,5367
EFFECT1A1R3Dz8Hg4q5SXKjkiPc6KDRUWQ7Czjvy4H7E,sol,2025-12-01T00:00:00+00:00,2026-07-12T14:00:00+00:00,5367
EHmZM5QD7NFpu6hm3o8yYSA6EhYYunHL21fzN2ucpump,sol,2025-12-01T00:00:00+00:00,2026-07-12T14:00:00+00:00,5367
ELXRYrf8wd4DcyXDU9QPnMdD8jn2twg7o7qEtf5z2GBW,sol,2025-12-01T00:00:00+00:00,2026-07-12T14:00:00+00:00,5367
ENTxR2RP8NtvhXzMNFCxE1HazzdV9x7SuZqGyAb4jdED,sol,2025-12-01T00:00:00+00:00,2026-07-12T14:00:00+00:00,5367
EQQK5Pk2tXoxaJy29ghTSpT1D3p5mfaxYeVi83F1wzcy,sol,2025-12-01T00:00:00+00:00,2026-07-12T14:00:00+00:00,5367
EWS2ATMt5fQk89NWLJYNRmGaNoji8MhFZkUB4DiWCCcz,sol,2025-12-01T00:00:00+00:00,2026-07-12T14:00:00+00:00,5367
EaC6EBUBtNiqZoDEnE3qJ7SDPn6zUzqH6SLzfWWqEVRY,sol,2025-12-01T00:00:00+00:00,2026-07-12T14:00:00+00:00,5367
EbWx89dZ7cMceY6CAyeK13au7FD4eGata6KV2AyvBLV,sol,2025-12-01T00:00:00+00:00,2026-07-12T14:00:00+00:00,5367
EeHwgbkXT3GXQ65nM3zvHbWLP1S6DdSjjXWBhx4Nponz,sol,2025-12-01T00:00:00+00:00,2026-07-12T14:00:00+00:00,5367
EfPoo4wWgxKVToit7yX5VtXXBrhao4G8L7vrbKy6pump,sol,2025-12-01T00:00:00+00:00,2026-07-12T14:00:00+00:00,5367
Eg2ymQ2aQqjMcibnmTt8erC6Tvk9PVpJZCxvVPJz2agu,sol,2025-12-01T00:00:00+00:00,2026-07-12T14:00:00+00:00,5367
Eh36AX4m5CwyCHHcAy95oWRop2EMYVJbLQq7q77hsX9N,sol,2025-12-01T00:00:00+00:00,2026-07-12T14:00:00+00:00,5367
EmvtEzATa3n766yxojGZJmpSzkTxsCdDSX2zgRMZEoaQ,sol,2025-12-01T00:00:00+00:00,2026-07-12T14:00:00+00:00,5367
Ep83qXdvJbofEgpPqphGRq4eMnpjBVUGPYz32QyrWaaC,sol,2025-12-01T00:00:00+00:00,2026-07-12T14:00:00+00:00,5367
EuD5L5XSYKzyDC1YyYzmoWC8gmJhpEh2vMj4f8LeRW8r,sol,2025-12-01T00:00:00+00:00,2026-07-12T14:00:00+00:00,5367
EwFTbdtH1FZQ2ZtDTgtYfzU2fBsxuGQC3nRHAFHpump,sol,2025-12-01T00:00:00+00:00,2026-07-12T14:00:00+00:00,5367
EwJN2GqUGXXzYmoAciwuABtorHczTA5LqbukKXV1viH7,sol,2025-12-01T00:00:00+00:00,2026-07-12T14:00:00+00:00,5367
Exz2u9EhSXzGDef4v8bfXVjcUbsFm4kMKoXxn58fDUSa,sol,2025-12-01T00:00:00+00:00,2026-07-12T14:00:00+00:00,5367
Ey6LZwHMGXvHW84MxaTgU6qFDexS9jiRH8bPTVM6bfu6,sol,2025-12-01T00:00:00+00:00,2026-07-12T14:00:00+00:00,5367
F1QmooYUjR3x7MktgeNWVfg4ELbK429baMQDcYZTVEiL,sol,2025-12-01T00:00:00+00:00,2026-07-12T14:00:00+00:00,5367
F2k82EcxLtzekq1bfoGVdgp6EXZ5dLT1jE7g3LvQpump,sol,2025-12-01T00:00:00+00:00,2026-07-12T14:00:00+00:00,5367
F54CLDY7YytCeP5H74N9DBQWSg1xcJ3uc77HQ4QaHjT9,sol,2025-12-01T00:00:00+00:00,2026-07-12T14:00:00+00:00,5367
F7pB3ZdfBnyFw2LRHydWEn9BmhEa5XihXLjhySFRpump,sol,2025-12-01T00:00:00+00:00,2026-07-12T14:00:00+00:00,5367
F9TgEJLLRUKDRF16HgjUCdJfJ5BK6ucyiW8uJxVPpump,sol,2025-12-01T00:00:00+00:00,2026-07-12T14:00:00+00:00,5367
FCPMdpvwxtWBvgDDsPuBb6wyf41ik2gtPqNN9jWSBAGS,sol,2025-12-01T00:00:00+00:00,2026-07-12T14:00:00+00:00,5367
FKNfAwb8TmjYkj11V4NiTz4TgrLWTWgm2NRwAD9epump,sol,2025-12-01T00:00:00+00:00,2026-07-12T14:00:00+00:00,5367
FLJYGHpCCcfYUdzhcfHSeSd2peb5SMajNWaCsRnhpump,sol,2025-12-01T00:00:00+00:00,2026-07-12T14:00:00+00:00,5367
FMJotGUW16AzexRD3vXJQ94AL71cwrhtFaCTGtK1QHXm,sol,2025-12-01T00:00:00+00:00,2026-07-12T14:00:00+00:00,5367
FR2xsxdi9uFeGdFWGyUdJVZCy1nkXp92nujiznk2kEiz,sol,2025-12-01T00:00:00+00:00,2026-07-12T14:00:00+00:00,5367
FThrNpdic79XRV6i9aCWQ2UTp7oRQuCXAgUWtZR2cs42,sol,2025-12-01T00:00:00+00:00,2026-07-12T14:00:00+00:00,5367
Fa7mkzDfzkgU2iQrwzpAvrpQoLFnMM85qnZCdaK4agQR,sol,2025-12-01T00:00:00+00:00,2026-07-12T14:00:00+00:00,5367
FaTM8V3A53D7W6TYs8a678tAXwkuATXtuC9nCnDmiPRX,sol,2025-12-01T00:00:00+00:00,2026-07-12T14:00:00+00:00,5367
Fd8TNp5GhhTk6Uq6utMvK13vfQdLN1yUUHCnapWvpump,sol,2025-12-01T00:00:00+00:00,2026-07-12T14:00:00+00:00,5367
Fh7mLxtPAysdvHcMcJ37A3vc6WvBVh7JVDwxmwk6pump,sol,2025-12-01T00:00:00+00:00,2026-07-12T14:00:00+00:00,5367
FhhWcMv7NeG2xffDFex7xJLaYUzkeSkdcvXm3KpXGWm4,sol,2025-12-01T00:00:00+00:00,2026-07-12T14:00:00+00:00,5367
Fjk4u44UQFo3Wb2vhPXE9FSjngP8uNJJd6Jzd5JJhD6x,sol,2025-12-01T00:00:00+00:00,2026-07-12T14:00:00+00:00,5367
FkBF9u1upwEMUPxnXjcydxxVSxgr8f3k1YXbz7G7bmtA,sol,2025-12-01T00:00:00+00:00,2026-07-12T14:00:00+00:00,5367
FmQ7v2QUqXVVtAXkngBh3Mwx7s3mKT55nQ5Z673dURYS,sol,2025-12-01T00:00:00+00:00,2026-07-12T14:00:00+00:00,5367
FmoKY2ERGmE9NzrYphAJcqH5BPRy2Hs4VomRfu8Qgt7Y,sol,2025-12-01T00:00:00+00:00,2026-07-12T14:00:00+00:00,5367
FrG7YxkifmLq5oiULBMh4zBnNyoniNMWXatLfceJiFTX,sol,2025-12-01T00:00:00+00:00,2026-07-12T14:00:00+00:00,5367
FrMU7uzwoTwad8E8aLBtHbQcKesZHaT2sJkZFwcKoDua,sol,2025-12-01T00:00:00+00:00,2026-07-12T14:00:00+00:00,5367
FyNuYGBBry5LAtPEkh8Y73izjTUNT2td2J3sGCK7E9Ju,sol,2025-12-01T00:00:00+00:00,2026-07-12T14:00:00+00:00,5367
G2pMCBjRQHHCkE79r9KAESvdhUCieWPZvX5GRFa3jCLg,sol,2025-12-01T00:00:00+00:00,2026-07-12T14:00:00+00:00,5367
G6BWiMU2uPZmE2A3Ng3oG9qxc5JoZbFbgEpqZss93M4K,sol,2025-12-01T00:00:00+00:00,2026-07-12T14:00:00+00:00,5367
G849nDx4r1vwjibbmpjkZ6pbDWwaMouhkWLq1o8Z5FUN,sol,2025-12-01T00:00:00+00:00,2026-07-12T14:00:00+00:00,5367
G8aVC4nk5oPWzTHp4PDm3kAuixCebv9WRQMD93h9pump,sol,2025-12-01T00:00:00+00:00,2026-07-12T14:00:00+00:00,5367
GACpABn18xqiSJbD9ZEyArJDT9RHRMUut5nK9Z9Spump,sol,2025-12-01T00:00:00+00:00,2026-07-12T14:00:00+00:00,5367
GEKjZKJZgQTCbi9evTW2GmhyamH3sq6Lid9dQMWqEcCY,sol,2025-12-01T00:00:00+00:00,2026-07-12T14:00:00+00:00,5367
GEuuznWpn6iuQAJxLKQDVGXPtrqXHNWTk3gZqqvJpump,sol,2025-12-01T00:00:00+00:00,2026-07-12T14:00:00+00:00,5367
GFJbQ7WDQry73iTaGkJcXKjvi1ViFTFmHSENgz92jFPP,sol,2025-12-01T00:00:00+00:00,2026-07-12T14:00:00+00:00,5367
GGJzGSdJBUZ7jexM9rmjB4G9jNVute5WJK1CmuxRpump,sol,2025-12-01T00:00:00+00:00,2026-07-12T14:00:00+00:00,5367
GJvLcMvQwznh1gAonWnqbqdSRrNCQmVzhfsZVvQdtM4b,sol,2025-12-01T00:00:00+00:00,2026-07-12T14:00:00+00:00,5367
GKHgTd6tqvycgG3mqcZraSZDFR32hXhRgo6sZQtudMsC,sol,2025-12-01T00:00:00+00:00,2026-07-12T14:00:00+00:00,5367
GMTXVdP5Uc9Eqn8MJYhC8Tg18T1unAWaN1Qf4BuES5Cb,sol,2025-12-01T00:00:00+00:00,2026-07-12T14:00:00+00:00,5367
GNo91D4oKksLiq7TTd2gygCWqAbtU47rSGG1fAo5eA7h,sol,2025-12-01T00:00:00+00:00,2026-07-12T14:00:00+00:00,5367
GP7m3USdHDSrNoUzsZqZTboKaJiabFQShzgV2RkFnZyh,sol,2025-12-01T00:00:00+00:00,2026-07-12T14:00:00+00:00,5367
GRsoqmhsS7fCLpEqqE7oRM92ag3WVy8VbJAi6KfWSeHS,sol,2025-12-01T00:00:00+00:00,2026-07-12T14:00:00+00:00,5367
GVsdtSe3E2fQoP3TzNT2M1VUchJ7sBmDBuvBZmGDGvmB,sol,2025-12-01T00:00:00+00:00,2026-07-12T14:00:00+00:00,5367
GVvPZpC6ymCoiHzYJ7CWZ8LhVn9tL2AUpRjSAsLh6jZC,sol,2025-12-01T00:00:00+00:00,2026-07-12T14:00:00+00:00,5367
GXkoESRmdKJcQAPJrZCce6YR2bJe33QMC7fNVtTjvirt,sol,2025-12-01T00:00:00+00:00,2026-07-12T14:00:00+00:00,5367
GYCVdmDthkf3jSz5ns6fkzCmHub7FSZxjVCfbfGqkH7P,sol,2025-12-01T00:00:00+00:00,2026-07-12T14:00:00+00:00,5367
GYKmdfcUmZVrqfcH1g579BGjuzSRijj3LBuwv79rpump,sol,2025-12-01T00:00:00+00:00,2026-07-12T14:00:00+00:00,5367
Ga1mVubYLHYiat1BZKN1BQftT6w58tgX7chJfBpzp6pF,sol,2025-12-01T00:00:00+00:00,2026-07-12T14:00:00+00:00,5367
Ga4oZoNRLkZkruJpS8NLwa8DJCwKP9hbTBSNDQZ9V43v,sol,2025-12-01T00:00:00+00:00,2026-07-12T14:00:00+00:00,5367
GcV9tEj62VncGithz4o4N9x6HWXARxuRgEAYk9zahNA8,sol,2025-12-01T00:00:00+00:00,2026-07-12T14:00:00+00:00,5367
GgVKiDwK5hcKbRC8QoKLSRidjiVVcBcshwzbLvxTmoon,sol,2025-12-01T00:00:00+00:00,2026-07-12T14:00:00+00:00,5367
GhBPHgnNF99EThYxt4bxUfPX1hCPyAS72RCBgLjLpump,sol,2025-12-01T00:00:00+00:00,2026-07-12T14:00:00+00:00,5367
GnzxEyULVPQYb5F5hxGc8dEGivctVrfr5mtsdp4z5xU2,sol,2025-12-01T00:00:00+00:00,2026-07-12T14:00:00+00:00,5367
GodL6KZ9uuUoQwELggtVzQkKmU1LfqmDokPibPeDKkhF,sol,2025-12-01T00:00:00+00:00,2026-07-12T14:00:00+00:00,5367
Grk6b4UMRWkgyq4Y6S1BnNRF4hRgtnMFp7Sorkv6Ez4u,sol,2025-12-01T00:00:00+00:00,2026-07-12T14:00:00+00:00,5367
Gx5dX1pM5aCQn8wtXEmEHSUia3W57Jq7qdu7kKsHvirt,sol,2025-12-01T00:00:00+00:00,2026-07-12T14:00:00+00:00,5367
GzpRsvnKXKz586kRLkjdppR4dUCFwHa2qaszKkPUQx6g,sol,2025-12-01T00:00:00+00:00,2026-07-12T14:00:00+00:00,5367
GzxpqHdQeseerHTM2Gikq5F4o8Bb1oTENRTJa8E2pump,sol,2025-12-01T00:00:00+00:00,2026-07-12T14:00:00+00:00,5367
H11RzeeZjfSm2bqEQpwDzaHY18qGeiyFx3mqavF3pump,sol,2025-12-01T00:00:00+00:00,2026-07-12T14:00:00+00:00,5367
H1aoUqmp2vJu5o8w3o8LjrN6jKyWErS69PtYxGhfoXxf,sol,2025-12-01T00:00:00+00:00,2026-07-12T14:00:00+00:00,5367
H1jJwQTgcAzUZjAKhxS8dA6FY8VZyTBxKxUyv3yCrYA1,sol,2025-12-01T00:00:00+00:00,2026-07-12T14:00:00+00:00,5367
H5b4iYiZYycr7fmQ1dMj7hdfLGAEPcDH261K4hugpump,sol,2025-12-01T00:00:00+00:00,2026-07-12T14:00:00+00:00,5367
H74CYmXgMkYHYuSRsZt6RJb4NYp2u72Vw8BS5huApump,sol,2025-12-01T00:00:00+00:00,2026-07-12T14:00:00+00:00,5367
HALALGvdNJ8u1J3uFFSsba1tyYPRF3vnYfCQ3CpJasfD,sol,2025-12-01T00:00:00+00:00,2026-07-12T14:00:00+00:00,5367
HAWKThXRcNL9ZGZKqgUXLm4W8tnRZ7U6MVdEepSutj34,sol,2025-12-01T00:00:00+00:00,2026-07-12T14:00:00+00:00,5367
HAs8hvTB8ZH6dBG26KQGik4fxitNYi41jnYd49bvtime,sol,2025-12-01T00:00:00+00:00,2026-07-12T14:00:00+00:00,5367
HBxHiTHpmnps5ALo2jzZbVmUzPPpZsUT8wN8KtqkBU9h,sol,2025-12-01T00:00:00+00:00,2026-07-12T14:00:00+00:00,5367
HDVR9Edy2o8uRdf5xFUDSGVLo556UjAaNR9BrwZ8QeMJ,sol,2025-12-01T00:00:00+00:00,2026-07-12T14:00:00+00:00,5367
HEcYsfjuxDfGMWLLCvXTagUJbz8w4mXh8ZUswk7d6tcK,sol,2025-12-01T00:00:00+00:00,2026-07-12T14:00:00+00:00,5367
HZNnmhAY6xfq2iKRyBTEvTVeoTYJzpkK8mfnfG8Ppump,sol,2025-12-01T00:00:00+00:00,2026-07-12T14:00:00+00:00,5367
HausGKcq9G9zM3azwNmgZyzUvYeeqR8h8663PmZpxuDj,sol,2025-12-01T00:00:00+00:00,2026-07-12T14:00:00+00:00,5367
HcN8NypRTeYunAWtg37AZNp7uX5MP7K8qbqcoLqdbonk,sol,2025-12-01T00:00:00+00:00,2026-07-12T14:00:00+00:00,5367
Hefh4Yv3cUGstf7wvEFPuKY7zAEhPxAvgZaoQnytW8md,sol,2025-12-01T00:00:00+00:00,2026-07-12T14:00:00+00:00,5367
HfMVgG3fQr45JtrQD3jpVki6E5H5BSdjN8kCAvDEDKMQ,sol,2025-12-01T00:00:00+00:00,2026-07-12T14:00:00+00:00,5367
HfZiQSCUTpvWa9Mk3FKieQHzZfiduPqTEMVDbP1Gpump,sol,2025-12-01T00:00:00+00:00,2026-07-12T14:00:00+00:00,5367
Hj4sTP4L4rvR9WBR6KyK99sxPptBQQczNWe4y15mxhRD,sol,2025-12-01T00:00:00+00:00,2026-07-12T14:00:00+00:00,5367
HjBMk5rABYdAvukYRvrScBnP9KnN9nLdKSbN2QPppump,sol,2025-12-01T00:00:00+00:00,2026-07-12T14:00:00+00:00,5367
HjKkxYmvekKYo1WhWJivx5SeZxKP2vJ9CCZp9ZmvCCKq,sol,2025-12-01T00:00:00+00:00,2026-07-12T14:00:00+00:00,5367
HkCrU2Vk5kGvvPUUR2dirjgAx3TbyCPYXRZbefwzCyCp,sol,2025-12-01T00:00:00+00:00,2026-07-12T14:00:00+00:00,5367
HnnGv3HrSqjRpgdFmx7vQGjntNEoex1SU4e9Lxcxuihz,sol,2025-12-01T00:00:00+00:00,2026-07-12T14:00:00+00:00,5367
HqFG17V7wNfEDV3k5K2AuY3rmM5n2np4rhbGV21hp4as,sol,2025-12-01T00:00:00+00:00,2026-07-12T14:00:00+00:00,5367
HruKkLrLJ7t1kL8E6HBccSpWdUpnhGmi3SVrB9Jjpump,sol,2025-12-01T00:00:00+00:00,2026-07-12T14:00:00+00:00,5367
HsoCvGgjgxARFsaSMb3gEEEujHKozmskdLzxw5J2aXNH,sol,2025-12-01T00:00:00+00:00,2026-07-12T14:00:00+00:00,5367
HtbhBYdcfXbbD2JiH6jtsTt2m2FXjn7h4k6iXfz98k5W,sol,2025-12-01T00:00:00+00:00,2026-07-12T14:00:00+00:00,5367
HthQKKW6M9Q8pb27r9xoqjfviiJ3kzdojP8TKqjJpump,sol,2025-12-01T00:00:00+00:00,2026-07-12T14:00:00+00:00,5367
HuMShjViKhcfihmHkgvctcFAyeyxAk8hK5K58zWpuRKf,sol,2025-12-01T00:00:00+00:00,2026-07-12T14:00:00+00:00,5367
J9BcrQfX4p9D1bvLzRNCbMDv8f44a9LFdeqNE4Yk2WMD,sol,2025-12-01T00:00:00+00:00,2026-07-12T14:00:00+00:00,5367
K5RpMc7AjwaUZBieDTnsWGrkJbCLJvFXWVsHpo5boop,sol,2025-12-01T00:00:00+00:00,2026-07-12T14:00:00+00:00,5367
KomoNuvereGko9jNKUgb3AJZdG3pDaXjbph77ZWvFy1,sol,2025-12-01T00:00:00+00:00,2026-07-12T14:00:00+00:00,5367
Kruj63Qx9EQX9QzukLCBgx5g9AGW69gPDsSK25FRZAi,sol,2025-12-01T00:00:00+00:00,2026-07-12T14:00:00+00:00,5367
KyxLLGRvJZDRoAFS6PZ8geq5WNzY1b4nCwsokYJtYms,sol,2025-12-01T00:00:00+00:00,2026-07-12T14:00:00+00:00,5367
LABSh5DTebUcUbEoLzXKCiXFJLecDFiDWiBGUU1GpxR,sol,2025-12-01T00:00:00+00:00,2026-07-12T14:00:00+00:00,5367
LYLikzBQtpa9ZgVrJsqYGQpR3cC1WMJrBHaXGrQmeta,sol,2025-12-01T00:00:00+00:00,2026-07-12T14:00:00+00:00,5367
LoafdJ3WSAvsrx3zppSGKA6sRvL9GrRrU1iRV7HkLkm,sol,2025-12-01T00:00:00+00:00,2026-07-12T14:00:00+00:00,5367
Ma4dse7fmzXLQYymNsDDjq6VgRXtEFTJw1CvmRrBoKN,sol,2025-12-01T00:00:00+00:00,2026-07-12T14:00:00+00:00,5367
MonYu4GQb1dpoMs4DG1FpJt5F9nXtUy6JRyvANZFxZu,sol,2025-12-01T00:00:00+00:00,2026-07-12T14:00:00+00:00,5367
MoshMwLkVu4iwrPBaWpYkh43qJiSXsnyzNLuMXFv5F4,sol,2025-12-01T00:00:00+00:00,2026-07-12T14:00:00+00:00,5367
MpsoLp1YBDqeiuSrVrYH4DoAGJ3myAMmMy6crYNVSTo,sol,2025-12-01T00:00:00+00:00,2026-07-12T14:00:00+00:00,5367
N4wBBD5fYtPmuy36AZkNT7Vd2UUESHTdSsCMKuipump,sol,2025-12-01T00:00:00+00:00,2026-07-12T14:00:00+00:00,5367
NUZ3FDWTtN5SP72BsefbsqpnbAY5oe21LE8bCSkqsEK,sol,2025-12-01T00:00:00+00:00,2026-07-12T14:00:00+00:00,5367
NXH66NhJZ3woe1KCYFGwSJHTtpELuv4Mf8YoVthWtce,sol,2025-12-01T00:00:00+00:00,2026-07-12T14:00:00+00:00,5367
NYANpAp9Cr7YarBNrby7Xx4xU6No6JKTBuohNA3yscP,sol,2025-12-01T00:00:00+00:00,2026-07-12T14:00:00+00:00,5367
NaFJTgvemQFfTTGAq2PR1uBny3NENWMur5k6eBsG5ii,sol,2025-12-01T00:00:00+00:00,2026-07-12T14:00:00+00:00,5367
NomuBwKJEvJ8d4dsaq7NZoHaXWXzKcfke1c7Y8ruFYL,sol,2025-12-01T00:00:00+00:00,2026-07-12T14:00:00+00:00,5367
PAWSxhjTyNJELywYiYTxCN857utnYmWXu7Q59Vgn6ZQ,sol,2025-12-01T00:00:00+00:00,2026-07-12T14:00:00+00:00,5367
PAYZP1W3UmdEsNLJwmH61TNqACYJTvhXy8SCN4Tmeta,sol,2025-12-01T00:00:00+00:00,2026-07-12T14:00:00+00:00,5367
PAYmo6moDF3Ro3X6bU2jwe2UdBnBhv8YjLgL1j4DxGu,sol,2025-12-01T00:00:00+00:00,2026-07-12T14:00:00+00:00,5367
PreANxuXjsy2pvisWWMNB6YaJNzr7681wJJr2rHsfTh,sol,2025-12-01T00:00:00+00:00,2026-07-12T14:00:00+00:00,5367
Pren1FvFX6J3E4kXhJuCiAD5aDmGEb7qJRncwA8Lkhw,sol,2025-12-01T00:00:00+00:00,2026-07-12T14:00:00+00:00,5367
REdaoGk6EcBVgXW7vHs9FnzWmkr3ba6eHRBBgEtLNWo,sol,2025-12-01T00:00:00+00:00,2026-07-12T14:00:00+00:00,5367
SLAMG93vQPmhfDCbT5NpDg6f8E7VNDs9FxBxhvdUwcX,sol,2025-12-01T00:00:00+00:00,2026-07-12T14:00:00+00:00,5367
SPQkEcsdALLLn4MqCb3XH64hYTmdD4fZZk9CF5LiQV8,sol,2025-12-01T00:00:00+00:00,2026-07-12T14:00:00+00:00,5367
Sg4k4iFaEeqhv5866cQmsFTMhRx8sVCPAq2j8Xcpump,sol,2025-12-01T00:00:00+00:00,2026-07-12T14:00:00+00:00,5367
SuperbZyz7TsSdSoFAZ6RYHfAWe9NmjXBLVQpS8hqdx,sol,2025-12-01T00:00:00+00:00,2026-07-12T14:00:00+00:00,5367
TTRXx2ypNmtMALQpk9CEy3eCr7sq47tJohvfEtKVVZJ,sol,2025-12-01T00:00:00+00:00,2026-07-12T14:00:00+00:00,5367
USDrbBQwQbQ2oWHUPfA8QBHcyVxKUq1xHyXsSLKdUq2,sol,2025-12-01T00:00:00+00:00,2026-07-12T14:00:00+00:00,5367
WKNDwkcUfcohsqmiS1vYNrSCNDSJFaHWMxRnCmxCxFz,sol,2025-12-01T00:00:00+00:00,2026-07-12T14:00:00+00:00,5367
Xs8S1uUs1zvS2p7iwtsG3b6fkhpvmwz4GYU3gWAmWHZ,sol,2025-12-01T00:00:00+00:00,2026-07-12T14:00:00+00:00,5367
XsqE9cRRpzxcGKDXj1BJ7Xmg4GRhZoyY1KpmGSxAWT2,sol,2025-12-01T00:00:00+00:00,2026-07-12T14:00:00+00:00,5367
YXUpFaULqhrLJS79JmFtAsNZQ2JDTnPemmdVZEFpump,sol,2025-12-01T00:00:00+00:00,2026-07-12T14:00:00+00:00,5367
ZDaUDL4XFdEct7UgeztrFQAptsvh4ZdhyZDZ1RpxYAK,sol,2025-12-01T00:00:00+00:00,2026-07-12T14:00:00+00:00,5367
ZKFHiLAfAFMTcDAuCtjNW54VzpERvoe7PBF9mYgmeta,sol,2025-12-01T00:00:00+00:00,2026-07-12T14:00:00+00:00,5367
ZScHuTtqZukUrtZS43teTKGs2VqkKL8k4QCouR2n6Uo,sol,2025-12-01T00:00:00+00:00,2026-07-12T14:00:00+00:00,5367
Zenko9EfTmbYVUw8RMjEW4vf7bNPSd419EjtpAFXeWw,sol,2025-12-01T00:00:00+00:00,2026-07-12T14:00:00+00:00,5367
a3W4qutoEJA4232T2gwZUfgYJTetr96pU4SJMwppump,sol,2025-12-01T00:00:00+00:00,2026-07-12T14:00:00+00:00,5367
bobaM3u8QmqZhY1HwAtnvze9DLXvkgKYk3td3t8MLva,sol,2025-12-01T00:00:00+00:00,2026-07-12T14:00:00+00:00,5367
bootyAfCh1eSQeKhFaDjN9Pu6zwPmAoQPoJWVuPasjJ,sol,2025-12-01T00:00:00+00:00,2026-07-12T14:00:00+00:00,5367
ch7rTovcUK7C1zNFM7F93kXU2CByYUsJT4pwYx7pump,sol,2025-12-01T00:00:00+00:00,2026-07-12T14:00:00+00:00,5367
de1QJkP1qDCk5JYCCXCeq27bQQUdCaiv7xVKFrhPSzF,sol,2025-12-01T00:00:00+00:00,2026-07-12T14:00:00+00:00,5367
dmfunVbjA71VZu2L1h74Exji6Avs9tsL63uneCDLocX,sol,2025-12-01T00:00:00+00:00,2026-07-12T14:00:00+00:00,5367
dpfZvKKTu2CEJ9zJz28Cu733m1zGbuQk9FS7T8wpump,sol,2025-12-01T00:00:00+00:00,2026-07-12T14:00:00+00:00,5367
e9tZR9VJXqpjbGGjBuf3ypAgaf4w3K1p22pDfTTMDTc,sol,2025-12-01T00:00:00+00:00,2026-07-12T14:00:00+00:00,5367
gJtYNevehYkg9VeEaWWKztWeFt4WXdQFihMXrUMeKd4,sol,2025-12-01T00:00:00+00:00,2026-07-12T14:00:00+00:00,5367
gcho94FhdhJNDhVEnHHskXP7PcSKDqCs3GKEj5zrewn,sol,2025-12-01T00:00:00+00:00,2026-07-12T14:00:00+00:00,5367
goodX4LG92UAcRdFRUykfP2fAfzQAVttrToEPxtxSkp,sol,2025-12-01T00:00:00+00:00,2026-07-12T14:00:00+00:00,5367
iJF17JCu78E51eAgwtCwvgULHh2ZqCeRrcFP7wgcc6w,sol,2025-12-01T00:00:00+00:00,2026-07-12T14:00:00+00:00,5367
iRAYYHCNhEpbDiVt6QKK3Q57DMgw4p8zEKsVz3WfMjW,sol,2025-12-01T00:00:00+00:00,2026-07-12T14:00:00+00:00,5367
imbaePRPNVxBhTLdSWpdjYbXiPWc9spNTz4xKVkZfBJ,sol,2025-12-01T00:00:00+00:00,2026-07-12T14:00:00+00:00,5367
jRAYPwLn4ZRGRSKu7GWu6B3Qx3Vj2JU88agUweEceyo,sol,2025-12-01T00:00:00+00:00,2026-07-12T14:00:00+00:00,5367
jUpa2aDCzvdR9EF4fqDXmuyMUkonPTohphABLmRkRFj,sol,2025-12-01T00:00:00+00:00,2026-07-12T14:00:00+00:00,5367
jimBqijNp9yZwgMmxFaLECr5rFypPGZQNEqL9YU4UjT,sol,2025-12-01T00:00:00+00:00,2026-07-12T14:00:00+00:00,5367
kyKYFGGhy5YAg6Yotedj7ZtByUBepsraT4BFkF3Uxmk,sol,2025-12-01T00:00:00+00:00,2026-07-12T14:00:00+00:00,5367
kyrosJC2dtm6EoLV5wffZsS4RZVm2hRafKZCLsc38JE,sol,2025-12-01T00:00:00+00:00,2026-07-12T14:00:00+00:00,5367
mtnc7NNSpAJuvYNmayXU63WhWZGgFzwQ2yeYWqemeta,sol,2025-12-01T00:00:00+00:00,2026-07-12T14:00:00+00:00,5367
nauTSD9gbhBoR1npXBKfN1zp9nj92cTcADmvitjFFca,sol,2025-12-01T00:00:00+00:00,2026-07-12T14:00:00+00:00,5367
ovo2N3VqRfkZgbb56Gse7oLDXJLJEeqq5z9ePHRxhzL,sol,2025-12-01T00:00:00+00:00,2026-07-12T14:00:00+00:00,5367
pvv4fu1RvQBkKXozyH5A843sp1mt6gTy9rPoZrBBAGS,sol,2025-12-01T00:00:00+00:00,2026-07-12T14:00:00+00:00,5367
q4bpaRKw3fJB1AJBeeBaKv3TjYzWsmntLgnSB275YUb,sol,2025-12-01T00:00:00+00:00,2026-07-12T14:00:00+00:00,5367
qBo8aDLgHaic3byqjdRWLWiNhVWaxMYXUtDKFdirZVz,sol,2025-12-01T00:00:00+00:00,2026-07-12T14:00:00+00:00,5367
qnko6WJGEwEU3JYQFZakLe9V8dmS4YAXFARHeRipump,sol,2025-12-01T00:00:00+00:00,2026-07-12T14:00:00+00:00,5367
sSYe5gS3EGzPBaEsyQ3iZhUU4NgSDwC1Pk45vLZpump,sol,2025-12-01T00:00:00+00:00,2026-07-12T14:00:00+00:00,5367
sc1dNAxRBj5CNWaGC26AR7PEW75R36Umzt1V8vuP8kZ,sol,2025-12-01T00:00:00+00:00,2026-07-12T14:00:00+00:00,5367
sctmY8fJucsJatwHz6P48RuWBBkdBMNmSMuBYrWFdrw,sol,2025-12-01T00:00:00+00:00,2026-07-12T14:00:00+00:00,5367
sctmZbtfE4dBNBEqBriQQVZLBrTaTjiTfKNRzKUcSLa,sol,2025-12-01T00:00:00+00:00,2026-07-12T14:00:00+00:00,5367
sodaNXUbtjMvHe9c5Uw7o7VAcVpXPHAvtaRaiPVJQuE,sol,2025-12-01T00:00:00+00:00,2026-07-12T14:00:00+00:00,5367
spinezMPKxkBpf4Q9xET2587fehM3LuKe4xoAoXtSjR,sol,2025-12-01T00:00:00+00:00,2026-07-12T14:00:00+00:00,5367
v7bs339b8oqXgYGJu4mX9cB8tZrFVSozBjW6QZZKE3m,sol,2025-12-01T00:00:00+00:00,2026-07-12T14:00:00+00:00,5367
vEHiuRmd8WvCkswH8Xy4VXTEMXA7JScik47XZkDbonk,sol,2025-12-01T00:00:00+00:00,2026-07-12T14:00:00+00:00,5367
wrBTCqVjkpqktbqN3CeGVSzQ9PFiPonHN98uwEpwMsy,sol,2025-12-01T00:00:00+00:00,2026-07-12T14:00:00+00:00,5367
xStpgUCss9piqeFUk2iLVcvJEGhAdJxJQuwLkXP555G,sol,2025-12-01T00:00:00+00:00,2026-07-12T14:00:00+00:00,5367
xkqjobmo1kUgN4P7jcsWe5ud657oA3co4PnwKoQKG12,sol,2025-12-01T00:00:00+00:00,2026-07-12T14:00:00+00:00,5367
xorcaYqbXUNz3474ubUMJAdu2xgPsew3rUCe5ughT3N,sol,2025-12-01T00:00:00+00:00,2026-07-12T14:00:00+00:00,5367
z9WZXekbCtwoxyfAwEJn1euXybvqLzPVv3NDzJzkq7C,sol,2025-12-01T00:00:00+00:00,2026-07-12T14:00:00+00:00,5367
